flight_number,airline,origin,destination,departure_time,date,hour_of_day,flight_duration_mins,status,delay_mins,passengers,aircraft_type,altitude_ft,speed_knots
BR532,British Airways,Paris CDG,Madrid,2026-05-03 18:48,2026-05-03,18,202,On Time,0,132,Airbus A321,42870,422
BR833,British Airways,London Gatwick,Madrid,2026-05-01 23:21,2026-05-01,23,577,On Time,0,388,Boeing 777,25869,543
EM259,Emirates,Amsterdam,Singapore,2026-05-13 15:36,2026-05-13,15,66,Delayed,81,161,Boeing 787,38848,487
KL570,KLM,London Gatwick,Barcelona,2026-05-06 03:35,2026-05-06,3,427,Delayed,34,256,Airbus A380,33667,411
EA821,EasyJet,Dubai,Barcelona,2026-05-13 10:51,2026-05-13,10,703,Delayed,85,396,Boeing 777,36850,547
BR750,British Airways,Amsterdam,Lisbon,2026-05-02 19:59,2026-05-02,19,298,On Time,0,131,Airbus A320,37455,471
RY275,Ryanair,Frankfurt,Athens,2026-05-09 13:14,2026-05-09,13,746,On Time,0,216,Airbus A380,27339,555
LU963,Lufthansa,Manchester,Singapore,2026-05-13 09:42,2026-05-13,9,715,Delayed,79,432,Boeing 787,32196,575
LU611,Lufthansa,London Heathrow,Athens,2026-05-02 12:32,2026-05-02,12,127,Delayed,78,188,Airbus A380,35311,454
TU698,Turkish Airlines,Manchester,Lisbon,2026-05-10 06:04,2026-05-10,6,312,On Time,0,367,Airbus A380,42661,467
EM981,Emirates,Frankfurt,Madrid,2026-05-10 23:58,2026-05-10,23,581,On Time,0,332,Boeing 737,27978,593
RY641,Ryanair,Manchester,Los Angeles,2026-05-03 17:52,2026-05-03,17,125,Delayed,162,277,Airbus A320,37504,552
BR261,British Airways,London Gatwick,Los Angeles,2026-05-06 23:18,2026-05-06,23,716,Delayed,78,254,Airbus A320,28655,475
BR723,British Airways,Paris CDG,Dubai,2026-05-11 13:47,2026-05-11,13,579,On Time,0,134,Airbus A321,34779,563
RY214,Ryanair,Frankfurt,Rome,2026-05-05 18:37,2026-05-05,18,60,Delayed,145,386,Boeing 737,35621,525
AI935,Air France,Amsterdam,New York JFK,2026-05-09 12:14,2026-05-09,12,640,On Time,0,120,Airbus A320,27806,587
RY316,Ryanair,Manchester,Los Angeles,2026-05-02 19:47,2026-05-02,19,229,Delayed,150,215,Airbus A320,42290,555
LU629,Lufthansa,Paris CDG,Tokyo,2026-05-13 12:31,2026-05-13,12,725,Cancelled,0,271,Airbus A320,0,0
EA107,EasyJet,Amsterdam,Madrid,2026-05-11 12:34,2026-05-11,12,406,On Time,0,90,Boeing 777,32540,550
BR785,British Airways,Amsterdam,Barcelona,2026-05-02 20:46,2026-05-02,20,398,On Time,0,116,Boeing 787,41847,460
LU196,Lufthansa,Manchester,Berlin,2026-05-12 07:06,2026-05-12,7,544,Delayed,157,204,Boeing 777,40498,504
EM845,Emirates,Frankfurt,Tokyo,2026-05-03 10:56,2026-05-03,10,115,Delayed,129,424,Airbus A320,28224,415
EA385,EasyJet,Amsterdam,Madrid,2026-05-08 23:18,2026-05-08,23,609,On Time,0,309,Boeing 777,29593,508
LU871,Lufthansa,London Gatwick,Singapore,2026-05-11 18:39,2026-05-11,18,111,Delayed,35,413,Boeing 737,42713,403
RY499,Ryanair,Dubai,Singapore,2026-05-06 15:05,2026-05-06,15,470,Delayed,64,110,Boeing 737,30394,497
TU598,Turkish Airlines,Paris CDG,Tokyo,2026-05-07 06:50,2026-05-07,6,629,Cancelled,0,418,Airbus A380,0,0
LU158,Lufthansa,Paris CDG,Madrid,2026-05-04 18:32,2026-05-04,18,653,On Time,0,357,Boeing 787,26997,591
TU340,Turkish Airlines,Manchester,New York JFK,2026-05-02 09:23,2026-05-02,9,250,Delayed,30,115,Airbus A350,27226,572
EA678,EasyJet,Amsterdam,Toronto,2026-05-10 10:30,2026-05-10,10,694,Delayed,20,121,Airbus A321,38737,568
KL505,KLM,Paris CDG,Madrid,2026-05-13 03:30,2026-05-13,3,381,Cancelled,0,202,Boeing 787,0,0
AI318,Air France,Istanbul,Athens,2026-05-04 05:28,2026-05-04,5,69,On Time,0,314,Airbus A321,28276,418
AI953,Air France,Manchester,Athens,2026-05-12 18:16,2026-05-12,18,310,On Time,0,269,Airbus A320,34338,440
AI209,Air France,London Heathrow,Los Angeles,2026-05-13 14:40,2026-05-13,14,739,Delayed,86,133,Boeing 737,29400,467
RY357,Ryanair,Paris CDG,Lisbon,2026-05-13 20:08,2026-05-13,20,411,Delayed,63,184,Airbus A320,33650,529
EA265,EasyJet,Dubai,Lisbon,2026-05-02 09:44,2026-05-02,9,63,On Time,0,250,Boeing 787,29286,563
EM478,Emirates,London Heathrow,Barcelona,2026-05-11 07:18,2026-05-11,7,767,On Time,0,156,Airbus A350,42877,409
RY798,Ryanair,Dubai,Rome,2026-05-13 19:45,2026-05-13,19,375,On Time,0,266,Boeing 777,26307,491
EA125,EasyJet,Frankfurt,Dubai,2026-05-06 22:16,2026-05-06,22,218,Delayed,168,201,Airbus A320,30324,445
KL906,KLM,Dubai,Los Angeles,2026-05-05 07:57,2026-05-05,7,314,Cancelled,0,216,Boeing 777,0,0
EM914,Emirates,London Heathrow,Singapore,2026-05-03 17:02,2026-05-03,17,264,On Time,0,315,Airbus A350,36457,478
LU385,Lufthansa,London Heathrow,Los Angeles,2026-05-06 10:17,2026-05-06,10,468,On Time,0,248,Airbus A350,34129,417
EM710,Emirates,Frankfurt,New York JFK,2026-05-09 05:46,2026-05-09,5,327,On Time,0,171,Boeing 737,33698,409
KL825,KLM,Frankfurt,Tokyo,2026-05-11 03:19,2026-05-11,3,178,Delayed,140,277,Boeing 737,31228,465
BR227,British Airways,Amsterdam,Athens,2026-05-11 04:08,2026-05-11,4,740,Delayed,27,249,Airbus A350,35286,569
AI488,Air France,Dubai,Athens,2026-05-08 02:00,2026-05-08,2,627,Delayed,85,145,Airbus A380,31286,507
AI693,Air France,Dubai,Dubai,2026-05-05 05:02,2026-05-05,5,371,On Time,0,226,Airbus A350,31887,510
TU912,Turkish Airlines,Istanbul,Singapore,2026-05-08 13:59,2026-05-08,13,278,Cancelled,0,341,Airbus A320,0,0
EA195,EasyJet,Paris CDG,Dubai,2026-05-05 02:40,2026-05-05,2,708,Cancelled,0,397,Boeing 787,0,0
AI970,Air France,Amsterdam,Madrid,2026-05-06 14:16,2026-05-06,14,85,On Time,0,103,Airbus A321,33023,521
TU251,Turkish Airlines,Dubai,Los Angeles,2026-05-02 21:46,2026-05-02,21,773,Delayed,59,276,Boeing 777,41199,502
EA355,EasyJet,Dubai,Madrid,2026-05-01 09:01,2026-05-01,9,772,On Time,0,345,Airbus A321,40222,412
TU424,Turkish Airlines,Manchester,Singapore,2026-05-04 00:16,2026-05-04,0,603,Cancelled,0,366,Airbus A321,0,0
EM869,Emirates,Istanbul,Rome,2026-05-11 07:42,2026-05-11,7,546,Cancelled,0,310,Boeing 787,0,0
AI340,Air France,Istanbul,Los Angeles,2026-05-06 21:01,2026-05-06,21,341,On Time,0,305,Boeing 787,27538,582
KL256,KLM,Frankfurt,Dubai,2026-05-07 10:23,2026-05-07,10,201,On Time,0,157,Airbus A380,32577,498
EA952,EasyJet,Dubai,Tokyo,2026-05-06 02:50,2026-05-06,2,615,On Time,0,318,Boeing 777,38624,415
EM973,Emirates,London Heathrow,Toronto,2026-05-10 19:27,2026-05-10,19,66,Delayed,132,260,Airbus A320,34784,592
LU784,Lufthansa,Istanbul,Madrid,2026-05-10 18:50,2026-05-10,18,506,On Time,0,328,Boeing 787,25951,499
RY538,Ryanair,Istanbul,Rome,2026-05-10 10:48,2026-05-10,10,87,Delayed,146,281,Airbus A380,25888,421
TU445,Turkish Airlines,Manchester,New York JFK,2026-05-04 08:06,2026-05-04,8,448,On Time,0,247,Boeing 787,31935,516
AI329,Air France,Dubai,Lisbon,2026-05-09 21:03,2026-05-09,21,541,On Time,0,89,Boeing 787,42675,413
BR584,British Airways,London Heathrow,Madrid,2026-05-02 19:28,2026-05-02,19,80,On Time,0,398,Boeing 777,29993,461
LU267,Lufthansa,Istanbul,Berlin,2026-05-03 20:28,2026-05-03,20,437,On Time,0,165,Airbus A350,28753,599
EA807,EasyJet,London Heathrow,Lisbon,2026-05-08 07:52,2026-05-08,7,466,Delayed,106,446,Airbus A321,31498,419
EA777,EasyJet,Paris CDG,Los Angeles,2026-05-06 18:37,2026-05-06,18,639,Delayed,40,101,Airbus A320,36377,536
EA570,EasyJet,Frankfurt,New York JFK,2026-05-09 16:22,2026-05-09,16,168,Delayed,135,301,Airbus A350,36868,562
EM576,Emirates,Manchester,Berlin,2026-05-04 17:33,2026-05-04,17,336,Delayed,176,395,Airbus A320,42634,598
AI683,Air France,Frankfurt,Madrid,2026-05-11 03:52,2026-05-11,3,345,On Time,0,310,Airbus A320,32990,592
KL364,KLM,London Heathrow,Singapore,2026-05-09 20:58,2026-05-09,20,246,On Time,0,329,Airbus A350,31950,490
AI516,Air France,Paris CDG,Dubai,2026-05-08 23:52,2026-05-08,23,589,On Time,0,177,Airbus A380,27805,461
LU117,Lufthansa,Istanbul,Los Angeles,2026-05-12 08:49,2026-05-12,8,562,Cancelled,0,309,Airbus A350,0,0
AI695,Air France,Amsterdam,Tokyo,2026-05-03 08:49,2026-05-03,8,309,Cancelled,0,236,Airbus A380,0,0
TU819,Turkish Airlines,Frankfurt,Tokyo,2026-05-09 15:32,2026-05-09,15,623,Cancelled,0,249,Boeing 787,0,0
AI860,Air France,Paris CDG,Lisbon,2026-05-11 13:48,2026-05-11,13,183,On Time,0,449,Boeing 737,31310,480
RY703,Ryanair,Amsterdam,Madrid,2026-05-13 10:39,2026-05-13,10,555,Cancelled,0,221,Airbus A380,0,0
AI825,Air France,London Gatwick,Madrid,2026-05-13 04:31,2026-05-13,4,292,On Time,0,264,Boeing 737,30879,477
RY870,Ryanair,Paris CDG,New York JFK,2026-05-13 09:42,2026-05-13,9,626,On Time,0,229,Airbus A350,29137,563
EA152,EasyJet,London Heathrow,Toronto,2026-05-12 10:05,2026-05-12,10,540,On Time,0,325,Boeing 777,39433,487
TU930,Turkish Airlines,London Gatwick,Barcelona,2026-05-06 23:53,2026-05-06,23,135,Delayed,135,375,Boeing 777,26756,438
AI489,Air France,London Gatwick,Madrid,2026-05-14 01:23,2026-05-14,1,631,On Time,0,293,Airbus A321,32395,598
TU201,Turkish Airlines,Paris CDG,Toronto,2026-05-11 12:02,2026-05-11,12,642,Delayed,88,397,Airbus A380,26973,556
LU260,Lufthansa,Paris CDG,Los Angeles,2026-05-05 23:28,2026-05-05,23,220,On Time,0,202,Boeing 737,30695,541
EM389,Emirates,Istanbul,Berlin,2026-05-01 07:27,2026-05-01,7,358,Delayed,130,96,Airbus A380,32585,473
EA302,EasyJet,Amsterdam,Lisbon,2026-05-11 13:57,2026-05-11,13,663,Cancelled,0,418,Airbus A350,0,0
EA911,EasyJet,Amsterdam,Los Angeles,2026-05-10 22:10,2026-05-10,22,332,On Time,0,152,Boeing 777,27339,415
AI605,Air France,Istanbul,Barcelona,2026-05-08 05:59,2026-05-08,5,776,Delayed,87,286,Airbus A321,33920,528
EA126,EasyJet,London Heathrow,Tokyo,2026-05-11 05:04,2026-05-11,5,390,Cancelled,0,389,Boeing 787,0,0
LU767,Lufthansa,London Heathrow,Los Angeles,2026-05-03 07:52,2026-05-03,7,650,On Time,0,100,Airbus A321,30740,520
AI441,Air France,Manchester,Toronto,2026-05-11 07:30,2026-05-11,7,563,Delayed,172,126,Airbus A320,40401,489
EA137,EasyJet,Manchester,Athens,2026-05-08 13:20,2026-05-08,13,355,Delayed,136,419,Airbus A321,38122,594
EA990,EasyJet,Frankfurt,Lisbon,2026-05-11 14:23,2026-05-11,14,178,On Time,0,286,Airbus A380,41862,400
TU878,Turkish Airlines,Dubai,New York JFK,2026-05-13 14:19,2026-05-13,14,590,On Time,0,265,Airbus A320,41334,560
LU745,Lufthansa,Paris CDG,Dubai,2026-05-02 10:11,2026-05-02,10,354,On Time,0,304,Boeing 737,40883,431
RY216,Ryanair,Paris CDG,Dubai,2026-05-06 16:41,2026-05-06,16,625,On Time,0,288,Airbus A350,28054,457
EA379,EasyJet,Manchester,Singapore,2026-05-11 18:00,2026-05-11,18,358,Cancelled,0,340,Airbus A380,0,0
TU864,Turkish Airlines,Istanbul,Madrid,2026-05-10 16:54,2026-05-10,16,208,Delayed,151,276,Airbus A321,31245,553
EA405,EasyJet,Paris CDG,Tokyo,2026-05-04 08:33,2026-05-04,8,579,On Time,0,216,Airbus A380,25084,472
RY429,Ryanair,Istanbul,Dubai,2026-05-12 09:24,2026-05-12,9,400,Delayed,98,362,Airbus A320,42807,496
LU911,Lufthansa,Dubai,Madrid,2026-05-05 13:01,2026-05-05,13,385,Delayed,21,322,Airbus A380,37492,498
TU567,Turkish Airlines,London Heathrow,Rome,2026-05-04 17:04,2026-05-04,17,399,Delayed,161,131,Airbus A321,39427,425
RY809,Ryanair,Dubai,Los Angeles,2026-05-01 14:22,2026-05-01,14,136,On Time,0,320,Airbus A321,33684,486
EA732,EasyJet,Frankfurt,Los Angeles,2026-05-10 07:04,2026-05-10,7,384,Delayed,107,400,Boeing 737,40989,538
LU878,Lufthansa,Paris CDG,Madrid,2026-05-02 19:22,2026-05-02,19,152,Cancelled,0,302,Boeing 737,0,0
TU467,Turkish Airlines,Manchester,Berlin,2026-05-03 12:53,2026-05-03,12,89,On Time,0,103,Boeing 787,35629,414
EM180,Emirates,Manchester,Madrid,2026-05-09 18:42,2026-05-09,18,639,Delayed,115,429,Boeing 777,30900,443
LU782,Lufthansa,Istanbul,Toronto,2026-05-09 22:55,2026-05-09,22,297,On Time,0,316,Boeing 787,33322,517
TU754,Turkish Airlines,Paris CDG,Los Angeles,2026-05-01 11:07,2026-05-01,11,135,Delayed,50,306,Boeing 787,36323,550
AI685,Air France,Istanbul,Lisbon,2026-05-10 21:43,2026-05-10,21,453,On Time,0,327,Airbus A320,28494,460
AI679,Air France,Paris CDG,New York JFK,2026-05-09 10:02,2026-05-09,10,465,Cancelled,0,220,Boeing 737,0,0
TU794,Turkish Airlines,Paris CDG,Madrid,2026-05-02 08:47,2026-05-02,8,284,Delayed,100,405,Boeing 787,31230,558
EA434,EasyJet,London Heathrow,Lisbon,2026-05-04 08:41,2026-05-04,8,653,Delayed,18,266,Boeing 787,29306,423
RY944,Ryanair,Amsterdam,Rome,2026-05-10 16:55,2026-05-10,16,603,Delayed,103,336,Boeing 787,33930,442
AI192,Air France,Frankfurt,Barcelona,2026-05-12 05:09,2026-05-12,5,204,Delayed,29,195,Boeing 787,38022,542
BR942,British Airways,Paris CDG,Dubai,2026-05-10 05:29,2026-05-10,5,525,On Time,0,268,Airbus A320,33590,549
EA763,EasyJet,Amsterdam,Singapore,2026-05-09 16:52,2026-05-09,16,694,On Time,0,367,Boeing 777,35748,556
TU218,Turkish Airlines,Paris CDG,Los Angeles,2026-05-02 16:31,2026-05-02,16,203,Delayed,39,103,Airbus A320,26219,477
LU860,Lufthansa,Manchester,Tokyo,2026-05-03 11:04,2026-05-03,11,746,Delayed,104,436,Airbus A321,42701,507
EM555,Emirates,London Gatwick,Singapore,2026-05-04 18:23,2026-05-04,18,346,Delayed,114,96,Airbus A320,37141,455
KL382,KLM,London Gatwick,Los Angeles,2026-05-06 14:56,2026-05-06,14,617,On Time,0,410,Airbus A320,36753,415
EA711,EasyJet,Istanbul,Barcelona,2026-05-05 13:39,2026-05-05,13,277,Cancelled,0,408,Airbus A380,0,0
BR312,British Airways,Frankfurt,Madrid,2026-05-01 17:39,2026-05-01,17,638,On Time,0,185,Airbus A321,27248,595
LU917,Lufthansa,Frankfurt,Rome,2026-05-06 03:56,2026-05-06,3,343,Delayed,10,154,Boeing 787,29259,538
EA371,EasyJet,London Heathrow,Rome,2026-05-05 05:17,2026-05-05,5,426,On Time,0,201,Boeing 777,35609,404
RY625,Ryanair,Dubai,Dubai,2026-05-02 10:37,2026-05-02,10,125,On Time,0,323,Boeing 787,39689,599
TU131,Turkish Airlines,Amsterdam,Toronto,2026-05-03 17:33,2026-05-03,17,734,On Time,0,346,Airbus A380,34883,517
TU554,Turkish Airlines,Dubai,Tokyo,2026-05-02 15:13,2026-05-02,15,170,Cancelled,0,331,Airbus A380,0,0
EA699,EasyJet,Frankfurt,Toronto,2026-05-02 22:08,2026-05-02,22,127,On Time,0,144,Airbus A380,34011,559
KL818,KLM,Dubai,Toronto,2026-05-13 17:28,2026-05-13,17,524,Delayed,85,338,Airbus A350,39096,425
LU847,Lufthansa,Dubai,Singapore,2026-05-03 20:29,2026-05-03,20,483,On Time,0,253,Airbus A320,39860,502
KL803,KLM,Dubai,Athens,2026-05-03 09:55,2026-05-03,9,321,Cancelled,0,271,Boeing 777,0,0
EA161,EasyJet,London Gatwick,Barcelona,2026-05-12 01:00,2026-05-12,1,502,On Time,0,129,Airbus A321,37210,433
KL419,KLM,London Gatwick,Tokyo,2026-05-14 00:42,2026-05-14,0,741,On Time,0,296,Airbus A321,26685,473
EA210,EasyJet,Amsterdam,Rome,2026-05-09 06:02,2026-05-09,6,553,Cancelled,0,194,Airbus A350,0,0
KL949,KLM,London Gatwick,Lisbon,2026-05-09 05:12,2026-05-09,5,499,Delayed,67,367,Airbus A380,25860,555
BR106,British Airways,Manchester,Lisbon,2026-05-07 08:03,2026-05-07,8,376,Cancelled,0,253,Boeing 787,0,0
RY320,Ryanair,Dubai,Barcelona,2026-05-05 09:04,2026-05-05,9,708,On Time,0,95,Airbus A321,28006,591
EM710,Emirates,Istanbul,Athens,2026-05-09 19:27,2026-05-09,19,438,On Time,0,239,Airbus A321,35629,598
BR534,British Airways,Manchester,Rome,2026-05-03 04:23,2026-05-03,4,750,Delayed,22,121,Airbus A380,33916,513
TU390,Turkish Airlines,Dubai,Lisbon,2026-05-12 07:14,2026-05-12,7,584,On Time,0,138,Boeing 737,36310,510
AI885,Air France,London Heathrow,Madrid,2026-05-12 07:45,2026-05-12,7,116,Delayed,163,83,Boeing 777,31698,477
AI489,Air France,Paris CDG,Athens,2026-05-04 08:56,2026-05-04,8,67,On Time,0,334,Boeing 777,39111,444
LU420,Lufthansa,Frankfurt,Barcelona,2026-05-13 08:51,2026-05-13,8,506,Delayed,20,89,Airbus A350,40065,419
EM732,Emirates,Dubai,Lisbon,2026-05-11 00:26,2026-05-11,0,474,On Time,0,90,Airbus A350,35642,443
KL505,KLM,London Gatwick,Tokyo,2026-05-11 17:16,2026-05-11,17,309,On Time,0,303,Boeing 737,38121,534
KL298,KLM,Amsterdam,Athens,2026-05-08 07:27,2026-05-08,7,138,On Time,0,341,Airbus A321,28736,535
KL256,KLM,Manchester,Madrid,2026-05-09 04:48,2026-05-09,4,209,On Time,0,211,Airbus A321,31464,444
RY254,Ryanair,Istanbul,Singapore,2026-05-02 23:09,2026-05-02,23,519,Delayed,158,428,Boeing 787,35590,560
EA157,EasyJet,Istanbul,Singapore,2026-05-11 06:10,2026-05-11,6,370,Cancelled,0,220,Airbus A321,0,0
EA984,EasyJet,Paris CDG,Singapore,2026-05-09 06:12,2026-05-09,6,118,Delayed,19,268,Airbus A380,34406,419
EM587,Emirates,Istanbul,Toronto,2026-05-03 07:18,2026-05-03,7,520,Delayed,20,372,Airbus A321,31168,482
RY276,Ryanair,London Heathrow,Singapore,2026-05-12 15:48,2026-05-12,15,411,On Time,0,445,Airbus A380,27763,529
LU496,Lufthansa,Istanbul,Singapore,2026-05-02 03:22,2026-05-02,3,684,Delayed,143,161,Boeing 787,36924,495
KL196,KLM,London Heathrow,Los Angeles,2026-05-10 13:14,2026-05-10,13,402,Cancelled,0,113,Boeing 787,0,0
EM253,Emirates,Paris CDG,Lisbon,2026-05-13 22:43,2026-05-13,22,732,Cancelled,0,388,Airbus A350,0,0
EA825,EasyJet,Manchester,Athens,2026-05-08 20:03,2026-05-08,20,731,On Time,0,437,Airbus A321,37843,433
AI786,Air France,Dubai,Los Angeles,2026-05-03 04:16,2026-05-03,4,190,On Time,0,423,Airbus A380,42248,423
KL296,KLM,London Heathrow,Athens,2026-05-10 21:14,2026-05-10,21,244,On Time,0,189,Airbus A320,36197,596
RY138,Ryanair,Manchester,Barcelona,2026-05-06 09:43,2026-05-06,9,163,On Time,0,339,Airbus A321,42687,589
RY144,Ryanair,Dubai,Rome,2026-05-08 21:55,2026-05-08,21,245,On Time,0,434,Airbus A320,30424,584
KL928,KLM,Amsterdam,Singapore,2026-05-10 14:23,2026-05-10,14,519,Delayed,82,199,Boeing 787,42498,461
LU528,Lufthansa,Frankfurt,Los Angeles,2026-05-11 22:08,2026-05-11,22,532,Delayed,122,224,Airbus A321,37513,528
LU828,Lufthansa,Manchester,Lisbon,2026-05-04 22:30,2026-05-04,22,716,On Time,0,326,Boeing 737,37163,541
EA547,EasyJet,Paris CDG,Barcelona,2026-05-12 23:45,2026-05-12,23,339,On Time,0,310,Airbus A350,41821,437
LU341,Lufthansa,Istanbul,Athens,2026-05-03 08:05,2026-05-03,8,484,On Time,0,107,Boeing 787,37991,528
EA139,EasyJet,Frankfurt,Madrid,2026-05-10 00:53,2026-05-10,0,386,On Time,0,130,Boeing 777,35986,437
TU320,Turkish Airlines,Manchester,Berlin,2026-05-07 18:40,2026-05-07,18,690,Delayed,124,82,Boeing 787,27596,404
EM754,Emirates,London Gatwick,Lisbon,2026-05-04 15:39,2026-05-04,15,368,On Time,0,142,Airbus A320,26564,461
EA835,EasyJet,London Gatwick,Singapore,2026-05-11 15:38,2026-05-11,15,76,Delayed,147,403,Boeing 777,41887,547
AI784,Air France,Dubai,New York JFK,2026-05-04 12:24,2026-05-04,12,306,Delayed,100,372,Airbus A380,38650,447
KL581,KLM,London Gatwick,Dubai,2026-05-03 04:45,2026-05-03,4,579,Delayed,139,363,Airbus A350,25666,499
EM169,Emirates,Frankfurt,Lisbon,2026-05-02 05:46,2026-05-02,5,76,Cancelled,0,262,Airbus A350,0,0
LU460,Lufthansa,London Gatwick,Toronto,2026-05-09 02:18,2026-05-09,2,400,Cancelled,0,148,Boeing 737,0,0
KL894,KLM,Manchester,Los Angeles,2026-05-13 16:11,2026-05-13,16,706,Delayed,132,173,Airbus A380,29418,416
BR507,British Airways,Paris CDG,Madrid,2026-05-11 15:57,2026-05-11,15,264,On Time,0,101,Airbus A321,35341,479
TU982,Turkish Airlines,Paris CDG,New York JFK,2026-05-13 14:34,2026-05-13,14,255,Cancelled,0,226,Boeing 787,0,0
KL291,KLM,Paris CDG,Barcelona,2026-05-02 08:06,2026-05-02,8,507,On Time,0,284,Boeing 787,39409,498
TU942,Turkish Airlines,Frankfurt,Dubai,2026-05-12 12:59,2026-05-12,12,144,On Time,0,297,Airbus A321,27586,510
AI717,Air France,Frankfurt,Barcelona,2026-05-05 08:33,2026-05-05,8,395,On Time,0,418,Airbus A320,34687,478
RY910,Ryanair,Istanbul,Athens,2026-05-10 22:42,2026-05-10,22,421,Delayed,20,394,Airbus A380,39252,470
EA168,EasyJet,Dubai,Athens,2026-05-02 13:19,2026-05-02,13,91,Delayed,50,153,Boeing 777,39358,408
KL554,KLM,Frankfurt,Tokyo,2026-05-06 14:53,2026-05-06,14,679,Delayed,18,158,Boeing 787,39743,494
RY853,Ryanair,Frankfurt,Tokyo,2026-05-02 23:59,2026-05-02,23,725,On Time,0,222,Boeing 737,33179,429
TU392,Turkish Airlines,Dubai,Dubai,2026-05-05 11:36,2026-05-05,11,328,On Time,0,213,Airbus A321,39623,454
LU798,Lufthansa,London Gatwick,Rome,2026-05-12 10:15,2026-05-12,10,522,On Time,0,168,Airbus A350,39585,422
KL329,KLM,London Gatwick,Dubai,2026-05-08 12:32,2026-05-08,12,367,Delayed,84,160,Airbus A321,30704,492
LU664,Lufthansa,Manchester,Madrid,2026-05-04 00:16,2026-05-04,0,429,Delayed,16,363,Airbus A350,37088,519
EA228,EasyJet,London Gatwick,Lisbon,2026-05-04 04:52,2026-05-04,4,598,Delayed,132,290,Boeing 737,38416,547
EA999,EasyJet,Istanbul,Singapore,2026-05-08 11:08,2026-05-08,11,589,Cancelled,0,256,Boeing 777,0,0
RY265,Ryanair,Manchester,Tokyo,2026-05-13 19:05,2026-05-13,19,187,Delayed,24,345,Boeing 777,30014,477
LU381,Lufthansa,Frankfurt,Dubai,2026-05-08 14:12,2026-05-08,14,140,On Time,0,208,Airbus A321,31432,562
AI257,Air France,London Gatwick,Dubai,2026-05-04 02:21,2026-05-04,2,232,Cancelled,0,383,Airbus A321,0,0
KL885,KLM,London Heathrow,New York JFK,2026-05-05 03:29,2026-05-05,3,106,On Time,0,408,Boeing 777,33672,566
BR926,British Airways,Istanbul,Los Angeles,2026-05-10 17:30,2026-05-10,17,717,Delayed,84,234,Airbus A350,40825,462
AI525,Air France,Istanbul,Barcelona,2026-05-10 11:46,2026-05-10,11,121,Cancelled,0,160,Airbus A320,0,0
TU453,Turkish Airlines,Amsterdam,Athens,2026-05-12 06:27,2026-05-12,6,380,Delayed,46,447,Airbus A350,35463,587
RY560,Ryanair,Frankfurt,Dubai,2026-05-10 07:45,2026-05-10,7,386,Delayed,37,203,Boeing 787,40285,431
RY263,Ryanair,London Gatwick,New York JFK,2026-05-06 21:23,2026-05-06,21,453,On Time,0,395,Airbus A350,38701,463
KL192,KLM,Amsterdam,Rome,2026-05-08 16:49,2026-05-08,16,538,Delayed,141,335,Boeing 737,35110,527
TU963,Turkish Airlines,Amsterdam,Madrid,2026-05-10 04:45,2026-05-10,4,109,Delayed,100,105,Airbus A321,34219,526
AI510,Air France,London Heathrow,Barcelona,2026-05-11 23:00,2026-05-11,23,330,Delayed,44,267,Boeing 737,38213,493
LU663,Lufthansa,Frankfurt,Dubai,2026-05-02 09:56,2026-05-02,9,135,On Time,0,277,Airbus A350,41523,515
EA303,EasyJet,Manchester,Barcelona,2026-05-07 14:45,2026-05-07,14,407,Delayed,105,365,Boeing 777,36980,593
EM567,Emirates,London Heathrow,New York JFK,2026-05-12 20:02,2026-05-12,20,200,On Time,0,445,Airbus A321,35913,521
RY619,Ryanair,Frankfurt,Toronto,2026-05-04 15:20,2026-05-04,15,226,On Time,0,281,Boeing 787,34805,551
TU415,Turkish Airlines,Paris CDG,Singapore,2026-05-12 20:22,2026-05-12,20,437,On Time,0,249,Airbus A321,28591,506
TU274,Turkish Airlines,Paris CDG,Los Angeles,2026-05-01 20:33,2026-05-01,20,293,Delayed,157,449,Airbus A320,26682,549
EM551,Emirates,Manchester,Los Angeles,2026-05-13 04:18,2026-05-13,4,92,On Time,0,373,Boeing 737,28601,448
EM893,Emirates,Manchester,Tokyo,2026-05-08 09:19,2026-05-08,9,268,Cancelled,0,290,Airbus A321,0,0
BR421,British Airways,Manchester,Dubai,2026-05-11 23:33,2026-05-11,23,634,On Time,0,246,Airbus A320,40675,534
TU296,Turkish Airlines,Frankfurt,Dubai,2026-05-05 04:34,2026-05-05,4,752,On Time,0,449,Airbus A320,33662,556
AI600,Air France,Paris CDG,Madrid,2026-05-06 20:37,2026-05-06,20,355,On Time,0,440,Airbus A380,31792,576
TU687,Turkish Airlines,Frankfurt,Dubai,2026-05-08 11:08,2026-05-08,11,340,Cancelled,0,227,Boeing 737,0,0
EM454,Emirates,Dubai,Athens,2026-05-13 14:39,2026-05-13,14,357,On Time,0,101,Boeing 737,34425,582
AI730,Air France,Istanbul,Madrid,2026-05-11 07:35,2026-05-11,7,611,On Time,0,218,Boeing 737,33900,435
LU438,Lufthansa,London Heathrow,Los Angeles,2026-05-06 16:40,2026-05-06,16,713,Delayed,67,199,Airbus A320,26720,425
EA304,EasyJet,Manchester,New York JFK,2026-05-11 23:59,2026-05-11,23,476,Delayed,50,414,Airbus A380,40587,522
KL840,KLM,Paris CDG,Los Angeles,2026-05-07 18:52,2026-05-07,18,151,On Time,0,413,Airbus A380,32609,536
RY396,Ryanair,Dubai,Rome,2026-05-02 02:22,2026-05-02,2,466,On Time,0,333,Airbus A350,31105,591
BR636,British Airways,Paris CDG,Toronto,2026-05-02 02:27,2026-05-02,2,403,Delayed,37,225,Airbus A321,39888,564
RY763,Ryanair,Istanbul,Lisbon,2026-05-12 11:44,2026-05-12,11,175,On Time,0,249,Airbus A320,30324,587
RY976,Ryanair,London Heathrow,Berlin,2026-05-07 02:30,2026-05-07,2,362,On Time,0,370,Airbus A321,31329,444
EM106,Emirates,Frankfurt,Barcelona,2026-05-10 11:27,2026-05-10,11,249,Delayed,34,151,Boeing 777,40645,482
EM468,Emirates,Amsterdam,Singapore,2026-05-07 04:25,2026-05-07,4,397,On Time,0,234,Airbus A380,25374,466
BR418,British Airways,London Gatwick,Singapore,2026-05-06 15:03,2026-05-06,15,223,On Time,0,287,Airbus A350,41466,580
AI865,Air France,Frankfurt,Toronto,2026-05-03 22:07,2026-05-03,22,284,On Time,0,148,Airbus A320,40669,439
EM872,Emirates,Istanbul,Dubai,2026-05-09 18:02,2026-05-09,18,283,Cancelled,0,206,Airbus A380,0,0
TU649,Turkish Airlines,Frankfurt,Barcelona,2026-05-03 02:42,2026-05-03,2,123,Delayed,38,360,Airbus A321,41563,451
RY556,Ryanair,Frankfurt,Dubai,2026-05-04 15:50,2026-05-04,15,756,Delayed,39,185,Airbus A321,41017,423
TU415,Turkish Airlines,Manchester,Dubai,2026-05-02 12:23,2026-05-02,12,637,Delayed,126,109,Airbus A350,40151,572
EM146,Emirates,Paris CDG,New York JFK,2026-05-01 17:53,2026-05-01,17,283,Cancelled,0,376,Boeing 737,0,0
KL284,KLM,London Gatwick,Dubai,2026-05-10 21:23,2026-05-10,21,130,On Time,0,321,Airbus A320,26039,473
EM980,Emirates,Frankfurt,Tokyo,2026-05-04 07:57,2026-05-04,7,444,Delayed,106,121,Airbus A380,42671,434
EA405,EasyJet,Manchester,Dubai,2026-05-09 03:55,2026-05-09,3,190,Delayed,145,194,Boeing 737,25113,593
EM996,Emirates,Dubai,Madrid,2026-05-11 18:51,2026-05-11,18,531,On Time,0,257,Boeing 777,30083,470
BR134,British Airways,Dubai,Toronto,2026-05-03 19:37,2026-05-03,19,306,On Time,0,185,Airbus A321,27204,425
BR872,British Airways,Amsterdam,Berlin,2026-05-11 09:48,2026-05-11,9,471,On Time,0,304,Boeing 777,32678,538
RY712,Ryanair,Paris CDG,Madrid,2026-05-02 12:49,2026-05-02,12,649,Cancelled,0,243,Airbus A321,0,0
LU407,Lufthansa,Paris CDG,Rome,2026-05-08 13:07,2026-05-08,13,593,Cancelled,0,193,Airbus A320,0,0
BR148,British Airways,Manchester,Los Angeles,2026-05-07 12:16,2026-05-07,12,497,Cancelled,0,364,Airbus A320,0,0
EM650,Emirates,Frankfurt,Berlin,2026-05-09 02:05,2026-05-09,2,212,Delayed,114,233,Airbus A350,37335,447
LU675,Lufthansa,Amsterdam,Lisbon,2026-05-12 00:36,2026-05-12,0,207,Cancelled,0,317,Boeing 737,0,0
EM560,Emirates,Manchester,Tokyo,2026-05-10 15:22,2026-05-10,15,321,On Time,0,184,Boeing 737,35822,565
EA923,EasyJet,Amsterdam,New York JFK,2026-05-09 16:39,2026-05-09,16,446,On Time,0,424,Boeing 777,26295,418
LU220,Lufthansa,Istanbul,Madrid,2026-05-13 23:12,2026-05-13,23,370,On Time,0,87,Airbus A380,31940,448
LU646,Lufthansa,Amsterdam,Tokyo,2026-05-12 03:33,2026-05-12,3,625,On Time,0,244,Airbus A320,34275,497
AI427,Air France,Paris CDG,Athens,2026-05-09 10:12,2026-05-09,10,537,Delayed,137,130,Airbus A350,40384,594
KL666,KLM,Frankfurt,Tokyo,2026-05-05 20:56,2026-05-05,20,636,On Time,0,193,Boeing 787,29781,404
AI770,Air France,Manchester,Madrid,2026-05-10 18:03,2026-05-10,18,295,On Time,0,274,Airbus A321,33052,527
AI850,Air France,Istanbul,Berlin,2026-05-08 22:21,2026-05-08,22,562,Cancelled,0,315,Boeing 777,0,0
RY959,Ryanair,Manchester,Berlin,2026-05-09 06:20,2026-05-09,6,248,Delayed,135,357,Boeing 737,26924,534
BR109,British Airways,London Heathrow,Tokyo,2026-05-02 22:35,2026-05-02,22,705,On Time,0,198,Boeing 777,27227,581
TU116,Turkish Airlines,Frankfurt,New York JFK,2026-05-06 05:27,2026-05-06,5,742,Delayed,173,395,Airbus A320,40833,568
EM814,Emirates,London Heathrow,New York JFK,2026-05-01 09:36,2026-05-01,9,608,Delayed,80,226,Airbus A350,25561,528
RY462,Ryanair,London Gatwick,Barcelona,2026-05-11 01:09,2026-05-11,1,306,Delayed,48,178,Airbus A350,42250,464
EM947,Emirates,London Gatwick,Athens,2026-05-07 07:59,2026-05-07,7,638,Delayed,127,204,Airbus A380,32400,476
BR819,British Airways,London Gatwick,Tokyo,2026-05-03 02:01,2026-05-03,2,625,Delayed,106,323,Boeing 737,26838,563
EA197,EasyJet,Istanbul,Tokyo,2026-05-05 03:35,2026-05-05,3,399,Cancelled,0,369,Airbus A350,0,0
BR147,British Airways,Amsterdam,Madrid,2026-05-13 06:26,2026-05-13,6,640,Cancelled,0,323,Boeing 787,0,0
AI829,Air France,London Heathrow,Rome,2026-05-02 22:36,2026-05-02,22,76,On Time,0,186,Airbus A350,29724,592
EA873,EasyJet,Paris CDG,Rome,2026-05-10 07:31,2026-05-10,7,640,Delayed,71,279,Airbus A320,42713,484
EA887,EasyJet,Frankfurt,New York JFK,2026-05-04 10:25,2026-05-04,10,507,On Time,0,198,Airbus A321,27490,487
KL484,KLM,London Heathrow,Los Angeles,2026-05-10 06:39,2026-05-10,6,521,On Time,0,331,Airbus A321,32475,491
RY257,Ryanair,Dubai,Barcelona,2026-05-11 01:50,2026-05-11,1,312,Delayed,85,445,Boeing 787,27408,421
RY468,Ryanair,Dubai,Athens,2026-05-09 21:31,2026-05-09,21,169,On Time,0,126,Airbus A320,25170,478
EA126,EasyJet,Manchester,Barcelona,2026-05-07 09:19,2026-05-07,9,501,On Time,0,309,Boeing 737,41791,504
KL897,KLM,London Gatwick,Toronto,2026-05-03 06:56,2026-05-03,6,454,Delayed,93,86,Airbus A320,34563,505
LU249,Lufthansa,Manchester,Los Angeles,2026-05-03 04:15,2026-05-03,4,202,Delayed,53,217,Airbus A320,34867,468
RY838,Ryanair,Dubai,Lisbon,2026-05-02 16:33,2026-05-02,16,555,Delayed,86,119,Boeing 777,36833,464
LU735,Lufthansa,Istanbul,Barcelona,2026-05-12 12:46,2026-05-12,12,371,On Time,0,83,Airbus A350,37966,485
KL811,KLM,Istanbul,Athens,2026-05-09 21:28,2026-05-09,21,668,Delayed,176,149,Airbus A321,34844,482
TU348,Turkish Airlines,Frankfurt,Rome,2026-05-05 19:41,2026-05-05,19,358,Delayed,91,435,Airbus A350,41089,547
EM284,Emirates,Paris CDG,Tokyo,2026-05-08 15:58,2026-05-08,15,176,On Time,0,368,Airbus A321,31547,551
BR611,British Airways,Istanbul,Berlin,2026-05-13 18:25,2026-05-13,18,508,On Time,0,229,Airbus A380,27266,504
AI908,Air France,Amsterdam,Lisbon,2026-05-04 10:00,2026-05-04,10,217,Cancelled,0,446,Airbus A320,0,0
EA656,EasyJet,Istanbul,Toronto,2026-05-09 19:53,2026-05-09,19,470,Delayed,159,353,Airbus A320,41600,577
KL727,KLM,London Gatwick,Barcelona,2026-05-02 02:04,2026-05-02,2,733,On Time,0,420,Airbus A380,36632,442
EM864,Emirates,Frankfurt,Tokyo,2026-05-02 06:11,2026-05-02,6,70,On Time,0,130,Airbus A321,33478,456
LU125,Lufthansa,Istanbul,Athens,2026-05-13 01:19,2026-05-13,1,755,Delayed,128,381,Boeing 787,41399,438
EA566,EasyJet,Paris CDG,Tokyo,2026-05-12 05:39,2026-05-12,5,178,On Time,0,152,Boeing 787,36414,479
TU407,Turkish Airlines,Frankfurt,Singapore,2026-05-05 22:58,2026-05-05,22,508,On Time,0,449,Boeing 737,39825,481
EA268,EasyJet,London Heathrow,Athens,2026-05-02 06:24,2026-05-02,6,171,Cancelled,0,426,Airbus A350,0,0
RY290,Ryanair,Manchester,Athens,2026-05-06 19:12,2026-05-06,19,533,Delayed,119,198,Boeing 777,38272,561
EM821,Emirates,London Heathrow,Berlin,2026-05-11 02:00,2026-05-11,2,520,Delayed,60,383,Boeing 737,39075,499
LU433,Lufthansa,Paris CDG,Berlin,2026-05-06 03:18,2026-05-06,3,651,On Time,0,132,Boeing 787,42592,447
TU420,Turkish Airlines,London Gatwick,Lisbon,2026-05-05 17:37,2026-05-05,17,561,Cancelled,0,350,Airbus A380,0,0
EM919,Emirates,London Gatwick,Athens,2026-05-10 02:14,2026-05-10,2,528,On Time,0,396,Airbus A380,30653,572
EA810,EasyJet,Manchester,Athens,2026-05-08 00:26,2026-05-08,0,304,On Time,0,236,Boeing 787,28832,446
EM750,Emirates,Dubai,Toronto,2026-05-04 11:12,2026-05-04,11,648,On Time,0,276,Airbus A320,38862,447
RY154,Ryanair,Manchester,Singapore,2026-05-13 11:28,2026-05-13,11,203,On Time,0,175,Airbus A321,35308,515
BR518,British Airways,Istanbul,Rome,2026-05-09 10:04,2026-05-09,10,453,On Time,0,367,Airbus A320,41562,567
EM399,Emirates,Istanbul,Singapore,2026-05-12 10:32,2026-05-12,10,144,On Time,0,369,Boeing 777,26011,594
AI215,Air France,Amsterdam,Dubai,2026-05-01 23:51,2026-05-01,23,232,On Time,0,314,Airbus A321,41230,540
AI853,Air France,Frankfurt,Dubai,2026-05-03 20:22,2026-05-03,20,511,On Time,0,359,Boeing 737,32161,508
AI931,Air France,London Heathrow,Singapore,2026-05-06 21:11,2026-05-06,21,416,On Time,0,124,Airbus A350,39387,430
LU933,Lufthansa,Frankfurt,Berlin,2026-05-06 15:24,2026-05-06,15,498,Delayed,171,164,Boeing 777,29562,600
BR399,British Airways,Frankfurt,Dubai,2026-05-05 23:01,2026-05-05,23,671,On Time,0,355,Airbus A380,30517,482
AI235,Air France,London Gatwick,Rome,2026-05-07 20:00,2026-05-07,20,343,Delayed,25,415,Airbus A350,29157,579
RY691,Ryanair,Frankfurt,Madrid,2026-05-06 22:21,2026-05-06,22,462,Cancelled,0,330,Boeing 777,0,0
EM384,Emirates,Dubai,Singapore,2026-05-07 08:45,2026-05-07,8,708,On Time,0,127,Airbus A380,38200,531
TU647,Turkish Airlines,Istanbul,Athens,2026-05-09 15:33,2026-05-09,15,155,Delayed,10,314,Airbus A350,36738,416
LU233,Lufthansa,Dubai,Madrid,2026-05-10 07:12,2026-05-10,7,390,Delayed,78,225,Airbus A321,36067,540
TU978,Turkish Airlines,Frankfurt,Los Angeles,2026-05-14 03:11,2026-05-14,3,107,On Time,0,130,Boeing 737,40059,404
TU997,Turkish Airlines,Istanbul,New York JFK,2026-05-04 20:16,2026-05-04,20,765,Delayed,61,147,Airbus A350,34891,440
EA740,EasyJet,Frankfurt,Lisbon,2026-05-07 11:39,2026-05-07,11,440,On Time,0,420,Airbus A320,30423,413
LU179,Lufthansa,Dubai,Los Angeles,2026-05-08 04:50,2026-05-08,4,780,On Time,0,128,Airbus A320,25035,454
LU235,Lufthansa,Istanbul,New York JFK,2026-05-04 06:28,2026-05-04,6,772,On Time,0,255,Airbus A380,28951,508
EA240,EasyJet,Amsterdam,Tokyo,2026-05-12 02:53,2026-05-12,2,164,On Time,0,132,Boeing 787,35267,494
RY839,Ryanair,Manchester,Barcelona,2026-05-09 23:01,2026-05-09,23,68,Delayed,154,392,Boeing 787,30377,512
RY202,Ryanair,Dubai,Toronto,2026-05-06 02:21,2026-05-06,2,513,Cancelled,0,191,Boeing 737,0,0
EA354,EasyJet,Dubai,Athens,2026-05-04 10:27,2026-05-04,10,203,Delayed,90,206,Boeing 737,34075,565
AI501,Air France,London Heathrow,Los Angeles,2026-05-13 20:13,2026-05-13,20,270,On Time,0,345,Airbus A380,41696,448
BR469,British Airways,Amsterdam,Singapore,2026-05-07 23:24,2026-05-07,23,306,Delayed,38,335,Boeing 737,27326,535
RY888,Ryanair,Dubai,Toronto,2026-05-08 10:50,2026-05-08,10,619,Delayed,103,429,Airbus A320,30661,595
BR393,British Airways,London Gatwick,New York JFK,2026-05-02 21:51,2026-05-02,21,280,On Time,0,100,Airbus A321,26981,501
EM384,Emirates,Dubai,Berlin,2026-05-12 15:38,2026-05-12,15,715,Delayed,31,354,Boeing 777,42617,557
AI749,Air France,London Gatwick,Dubai,2026-05-03 03:39,2026-05-03,3,219,On Time,0,354,Airbus A321,35706,500
AI564,Air France,Dubai,Berlin,2026-05-02 18:06,2026-05-02,18,119,On Time,0,205,Boeing 737,27825,511
AI455,Air France,Manchester,Barcelona,2026-05-02 12:03,2026-05-02,12,200,On Time,0,439,Airbus A320,25371,441
AI539,Air France,Manchester,Athens,2026-05-13 03:37,2026-05-13,3,335,On Time,0,140,Airbus A350,25961,485
EA156,EasyJet,Paris CDG,Berlin,2026-05-07 10:32,2026-05-07,10,138,Delayed,170,334,Boeing 787,39915,530
RY621,Ryanair,Frankfurt,Rome,2026-05-12 14:51,2026-05-12,14,165,On Time,0,373,Airbus A380,28779,458
BR978,British Airways,London Heathrow,Madrid,2026-05-01 07:24,2026-05-01,7,543,On Time,0,266,Boeing 777,37549,438
EM179,Emirates,Amsterdam,Athens,2026-05-02 01:18,2026-05-02,1,486,On Time,0,448,Airbus A350,35483,469
EA986,EasyJet,London Heathrow,Rome,2026-05-09 17:36,2026-05-09,17,588,On Time,0,103,Airbus A320,38137,417
AI903,Air France,Frankfurt,Barcelona,2026-05-07 16:10,2026-05-07,16,68,Delayed,126,268,Airbus A321,31575,474
LU519,Lufthansa,Istanbul,Athens,2026-05-08 03:58,2026-05-08,3,260,Delayed,136,359,Boeing 737,33032,438
LU877,Lufthansa,Frankfurt,Los Angeles,2026-05-01 19:03,2026-05-01,19,69,Cancelled,0,251,Boeing 737,0,0
AI386,Air France,London Gatwick,Madrid,2026-05-09 19:29,2026-05-09,19,489,Delayed,70,331,Airbus A380,26962,436
BR752,British Airways,Amsterdam,Dubai,2026-05-03 08:48,2026-05-03,8,529,Delayed,105,123,Boeing 777,28131,529
EA367,EasyJet,London Heathrow,Tokyo,2026-05-10 05:22,2026-05-10,5,193,Cancelled,0,201,Boeing 787,0,0
EM888,Emirates,Frankfurt,Athens,2026-05-08 10:02,2026-05-08,10,299,Delayed,79,118,Airbus A350,31642,434
RY888,Ryanair,London Gatwick,Rome,2026-05-03 17:30,2026-05-03,17,381,Delayed,129,288,Boeing 787,28956,537
TU946,Turkish Airlines,Paris CDG,Singapore,2026-05-05 23:23,2026-05-05,23,182,On Time,0,126,Boeing 787,30164,575
LU793,Lufthansa,Frankfurt,Rome,2026-05-02 04:01,2026-05-02,4,314,On Time,0,262,Boeing 737,37984,531
AI204,Air France,Manchester,New York JFK,2026-05-08 01:12,2026-05-08,1,629,Delayed,125,361,Airbus A320,33187,424
EA745,EasyJet,London Heathrow,New York JFK,2026-05-04 10:20,2026-05-04,10,193,On Time,0,181,Airbus A380,38126,495
AI967,Air France,London Gatwick,New York JFK,2026-05-03 03:53,2026-05-03,3,262,On Time,0,410,Boeing 737,39530,432
EA608,EasyJet,London Heathrow,Singapore,2026-05-08 19:04,2026-05-08,19,232,On Time,0,373,Airbus A320,39193,585
EM252,Emirates,Dubai,Rome,2026-05-01 22:06,2026-05-01,22,279,On Time,0,175,Airbus A320,34010,471
LU240,Lufthansa,Paris CDG,Singapore,2026-05-02 00:55,2026-05-02,0,550,Delayed,150,111,Airbus A320,27874,471
LU900,Lufthansa,Amsterdam,Los Angeles,2026-05-10 18:57,2026-05-10,18,451,Delayed,14,445,Airbus A321,36767,522
KL130,KLM,Frankfurt,Tokyo,2026-05-12 06:41,2026-05-12,6,244,On Time,0,93,Boeing 777,35448,552
BR772,British Airways,Istanbul,Dubai,2026-05-07 15:25,2026-05-07,15,658,On Time,0,199,Boeing 777,30230,425
AI425,Air France,London Heathrow,Madrid,2026-05-06 17:42,2026-05-06,17,423,Delayed,109,168,Airbus A321,30770,460
BR279,British Airways,Frankfurt,Toronto,2026-05-09 09:56,2026-05-09,9,636,Delayed,46,176,Boeing 787,41129,538
BR100,British Airways,London Gatwick,New York JFK,2026-05-12 09:50,2026-05-12,9,676,On Time,0,192,Airbus A320,25653,534
LU122,Lufthansa,Manchester,Athens,2026-05-08 19:10,2026-05-08,19,241,Cancelled,0,245,Boeing 737,0,0
RY444,Ryanair,London Gatwick,Dubai,2026-05-04 14:40,2026-05-04,14,134,On Time,0,271,Boeing 737,37962,550
KL764,KLM,Manchester,Rome,2026-05-08 02:48,2026-05-08,2,507,Cancelled,0,407,Airbus A320,0,0
RY414,Ryanair,Frankfurt,Madrid,2026-05-08 11:16,2026-05-08,11,663,Cancelled,0,169,Airbus A320,0,0
RY133,Ryanair,Manchester,Berlin,2026-05-07 22:50,2026-05-07,22,778,On Time,0,373,Airbus A321,37831,597
KL343,KLM,Amsterdam,Los Angeles,2026-05-05 09:26,2026-05-05,9,568,Delayed,36,152,Boeing 737,35851,590
KL371,KLM,Manchester,Los Angeles,2026-05-09 03:24,2026-05-09,3,746,On Time,0,407,Boeing 737,36001,514
LU548,Lufthansa,London Gatwick,Athens,2026-05-06 00:30,2026-05-06,0,170,On Time,0,448,Airbus A320,25041,412
RY984,Ryanair,Dubai,Singapore,2026-05-10 19:11,2026-05-10,19,619,Delayed,99,272,Airbus A350,28323,522
RY175,Ryanair,Istanbul,Barcelona,2026-05-06 09:11,2026-05-06,9,361,On Time,0,90,Boeing 737,35443,466
RY446,Ryanair,Dubai,Rome,2026-05-09 00:40,2026-05-09,0,136,Cancelled,0,360,Boeing 737,0,0
BR439,British Airways,Dubai,Los Angeles,2026-05-12 05:38,2026-05-12,5,681,On Time,0,302,Boeing 737,30147,413
LU198,Lufthansa,Dubai,Berlin,2026-05-05 22:15,2026-05-05,22,331,Delayed,148,418,Boeing 777,34224,476
EM943,Emirates,Istanbul,Rome,2026-05-02 09:06,2026-05-02,9,429,On Time,0,81,Boeing 787,39011,422
LU964,Lufthansa,London Gatwick,New York JFK,2026-05-12 04:19,2026-05-12,4,234,On Time,0,406,Airbus A320,34562,420
AI479,Air France,Dubai,Singapore,2026-05-03 21:04,2026-05-03,21,331,Delayed,179,126,Boeing 777,42829,499
KL957,KLM,Manchester,Singapore,2026-05-09 22:19,2026-05-09,22,329,On Time,0,305,Boeing 777,40239,467
BR452,British Airways,Manchester,Berlin,2026-05-07 08:40,2026-05-07,8,159,Cancelled,0,123,Airbus A380,0,0
EM987,Emirates,Amsterdam,Dubai,2026-05-13 13:42,2026-05-13,13,456,On Time,0,347,Airbus A380,38717,537
LU629,Lufthansa,Istanbul,Lisbon,2026-05-12 01:19,2026-05-12,1,464,On Time,0,445,Airbus A321,26137,528
EA180,EasyJet,Istanbul,Rome,2026-05-04 14:31,2026-05-04,14,276,On Time,0,178,Airbus A320,29134,410
LU506,Lufthansa,Manchester,Toronto,2026-05-11 03:46,2026-05-11,3,387,On Time,0,114,Airbus A321,27851,499
KL215,KLM,Paris CDG,Dubai,2026-05-13 19:29,2026-05-13,19,777,Delayed,13,399,Airbus A320,42123,600
RY648,Ryanair,Manchester,Toronto,2026-05-10 16:20,2026-05-10,16,162,Delayed,159,134,Airbus A350,28309,473
EM584,Emirates,Paris CDG,Tokyo,2026-05-09 01:47,2026-05-09,1,557,Cancelled,0,372,Airbus A321,0,0
RY439,Ryanair,Paris CDG,Tokyo,2026-05-02 02:27,2026-05-02,2,693,On Time,0,391,Airbus A320,38163,409
BR963,British Airways,Istanbul,Lisbon,2026-05-06 15:44,2026-05-06,15,80,On Time,0,252,Boeing 787,34930,479
EA719,EasyJet,Amsterdam,Rome,2026-05-12 10:29,2026-05-12,10,513,On Time,0,244,Airbus A320,33828,586
LU262,Lufthansa,Istanbul,Madrid,2026-05-03 06:45,2026-05-03,6,588,Delayed,134,271,Airbus A350,26841,531
AI159,Air France,Dubai,Rome,2026-05-02 17:50,2026-05-02,17,89,Delayed,155,168,Airbus A350,31316,451
BR506,British Airways,Istanbul,New York JFK,2026-05-06 22:15,2026-05-06,22,263,On Time,0,220,Airbus A321,37070,518
BR458,British Airways,Amsterdam,Athens,2026-05-04 01:39,2026-05-04,1,516,Delayed,162,170,Airbus A321,40551,550
RY495,Ryanair,Paris CDG,Berlin,2026-05-09 02:00,2026-05-09,2,152,Cancelled,0,225,Boeing 737,0,0
RY375,Ryanair,Amsterdam,Madrid,2026-05-02 09:06,2026-05-02,9,290,Cancelled,0,426,Boeing 777,0,0
BR722,British Airways,London Heathrow,Singapore,2026-05-10 13:38,2026-05-10,13,722,On Time,0,168,Boeing 787,25277,457
AI793,Air France,Dubai,Tokyo,2026-05-08 04:49,2026-05-08,4,530,On Time,0,209,Boeing 787,32150,519
EM210,Emirates,London Gatwick,New York JFK,2026-05-13 02:20,2026-05-13,2,443,Delayed,179,367,Airbus A380,34262,476
EA771,EasyJet,Frankfurt,Lisbon,2026-05-12 05:05,2026-05-12,5,392,Cancelled,0,221,Boeing 787,0,0
LU797,Lufthansa,Manchester,Dubai,2026-05-08 01:10,2026-05-08,1,118,On Time,0,387,Boeing 787,38241,569
BR697,British Airways,Istanbul,Lisbon,2026-05-04 10:25,2026-05-04,10,488,On Time,0,287,Boeing 737,37722,588
KL965,KLM,Amsterdam,Los Angeles,2026-05-05 13:43,2026-05-05,13,547,Delayed,173,423,Boeing 787,36747,529
RY770,Ryanair,Paris CDG,Barcelona,2026-05-05 02:50,2026-05-05,2,324,Delayed,42,366,Boeing 787,30998,574
LU439,Lufthansa,Frankfurt,Madrid,2026-05-03 06:46,2026-05-03,6,374,Cancelled,0,295,Airbus A350,0,0
AI612,Air France,Paris CDG,Singapore,2026-05-09 16:59,2026-05-09,16,541,On Time,0,107,Boeing 777,27333,520
EM683,Emirates,Paris CDG,Tokyo,2026-05-03 23:26,2026-05-03,23,214,On Time,0,150,Airbus A320,31563,487
RY420,Ryanair,Frankfurt,Berlin,2026-05-11 15:53,2026-05-11,15,142,On Time,0,329,Boeing 777,35899,561
BR881,British Airways,Istanbul,Lisbon,2026-05-02 13:40,2026-05-02,13,232,On Time,0,375,Airbus A350,30191,525
RY646,Ryanair,Dubai,Los Angeles,2026-05-03 06:04,2026-05-03,6,499,Delayed,113,324,Boeing 737,37560,401
KL354,KLM,London Heathrow,Athens,2026-05-05 18:54,2026-05-05,18,78,Delayed,58,426,Airbus A380,25135,560
KL943,KLM,Paris CDG,Rome,2026-05-06 09:34,2026-05-06,9,452,On Time,0,337,Boeing 737,35030,442
AI445,Air France,Paris CDG,Singapore,2026-05-02 06:58,2026-05-02,6,592,Cancelled,0,385,Airbus A321,0,0
RY329,Ryanair,Frankfurt,Singapore,2026-05-11 02:50,2026-05-11,2,252,On Time,0,164,Boeing 777,38218,404
LU361,Lufthansa,London Heathrow,Toronto,2026-05-04 05:39,2026-05-04,5,186,Delayed,53,267,Airbus A380,26224,496
BR526,British Airways,London Heathrow,Los Angeles,2026-05-13 10:02,2026-05-13,10,729,On Time,0,90,Boeing 737,26580,576
EM802,Emirates,London Gatwick,Dubai,2026-05-11 08:39,2026-05-11,8,545,On Time,0,439,Airbus A380,30017,452
AI817,Air France,Dubai,Los Angeles,2026-05-01 11:04,2026-05-01,11,738,On Time,0,346,Airbus A321,33846,559
EM216,Emirates,London Gatwick,Dubai,2026-05-04 08:54,2026-05-04,8,692,Cancelled,0,140,Boeing 787,0,0
TU519,Turkish Airlines,Amsterdam,Toronto,2026-05-03 16:02,2026-05-03,16,329,On Time,0,347,Airbus A380,31608,491
RY113,Ryanair,London Heathrow,Dubai,2026-05-07 23:18,2026-05-07,23,764,Delayed,63,326,Boeing 737,35833,460
EA336,EasyJet,Istanbul,Rome,2026-05-03 06:36,2026-05-03,6,583,On Time,0,118,Airbus A380,28319,465
AI920,Air France,Paris CDG,Singapore,2026-05-11 15:26,2026-05-11,15,162,On Time,0,169,Boeing 787,26292,474
EM548,Emirates,London Gatwick,Barcelona,2026-05-08 08:46,2026-05-08,8,69,On Time,0,150,Boeing 787,30587,484
EA955,EasyJet,Frankfurt,Athens,2026-05-07 08:31,2026-05-07,8,176,On Time,0,285,Boeing 787,38115,516
TU526,Turkish Airlines,Dubai,Los Angeles,2026-05-10 00:39,2026-05-10,0,175,On Time,0,147,Boeing 737,26921,440
TU215,Turkish Airlines,Manchester,Toronto,2026-05-12 05:36,2026-05-12,5,686,Delayed,101,94,Airbus A320,29281,523
TU794,Turkish Airlines,London Heathrow,Barcelona,2026-05-10 14:36,2026-05-10,14,730,On Time,0,240,Airbus A350,25405,580
LU779,Lufthansa,Frankfurt,Dubai,2026-05-13 04:37,2026-05-13,4,157,Delayed,168,301,Boeing 787,33145,523
RY580,Ryanair,London Heathrow,New York JFK,2026-05-10 00:11,2026-05-10,0,220,Cancelled,0,338,Airbus A350,0,0
RY328,Ryanair,London Gatwick,Singapore,2026-05-12 12:47,2026-05-12,12,306,On Time,0,249,Airbus A321,34114,412
EM610,Emirates,Dubai,Madrid,2026-05-13 18:38,2026-05-13,18,530,On Time,0,307,Airbus A350,39683,422
KL513,KLM,London Gatwick,Singapore,2026-05-11 10:09,2026-05-11,10,729,Cancelled,0,89,Boeing 737,0,0
BR770,British Airways,London Heathrow,Barcelona,2026-05-10 15:11,2026-05-10,15,712,Delayed,168,235,Boeing 777,41657,543
KL472,KLM,Frankfurt,New York JFK,2026-05-11 15:09,2026-05-11,15,525,On Time,0,249,Airbus A380,40503,583
EA398,EasyJet,London Gatwick,Los Angeles,2026-05-11 13:08,2026-05-11,13,62,On Time,0,254,Airbus A350,36637,562
KL725,KLM,London Gatwick,New York JFK,2026-05-13 17:06,2026-05-13,17,564,On Time,0,151,Boeing 787,38409,427
LU524,Lufthansa,London Gatwick,Tokyo,2026-05-05 16:59,2026-05-05,16,528,On Time,0,177,Airbus A350,36073,427
EA610,EasyJet,Istanbul,Singapore,2026-05-02 07:23,2026-05-02,7,663,Cancelled,0,338,Boeing 777,0,0
BR231,British Airways,Dubai,Toronto,2026-05-01 08:22,2026-05-01,8,241,Delayed,140,434,Airbus A350,30690,587
EM451,Emirates,Frankfurt,Dubai,2026-05-03 14:33,2026-05-03,14,683,Delayed,117,434,Airbus A320,33134,470
TU981,Turkish Airlines,Manchester,Rome,2026-05-07 22:39,2026-05-07,22,776,Delayed,164,342,Airbus A321,34794,579
LU282,Lufthansa,Amsterdam,Madrid,2026-05-08 09:26,2026-05-08,9,763,Delayed,84,256,Airbus A380,29347,581
KL961,KLM,London Gatwick,Athens,2026-05-12 17:11,2026-05-12,17,656,Delayed,132,372,Airbus A380,38679,572
AI157,Air France,Dubai,New York JFK,2026-05-13 09:34,2026-05-13,9,85,Delayed,37,275,Airbus A380,29762,413
AI163,Air France,Manchester,Lisbon,2026-05-05 19:10,2026-05-05,19,316,Cancelled,0,154,Airbus A350,0,0
LU674,Lufthansa,London Heathrow,Athens,2026-05-07 23:11,2026-05-07,23,690,Delayed,36,425,Airbus A380,32350,590
LU526,Lufthansa,Paris CDG,Berlin,2026-05-10 02:23,2026-05-10,2,108,Cancelled,0,275,Airbus A320,0,0
BR821,British Airways,London Heathrow,Berlin,2026-05-08 08:45,2026-05-08,8,267,On Time,0,397,Airbus A380,39518,457
LU626,Lufthansa,Amsterdam,Lisbon,2026-05-09 14:50,2026-05-09,14,759,Delayed,55,118,Airbus A380,31126,444
EM966,Emirates,London Heathrow,Tokyo,2026-05-03 23:10,2026-05-03,23,629,On Time,0,215,Airbus A321,29262,441
BR430,British Airways,Frankfurt,Singapore,2026-05-07 01:16,2026-05-07,1,218,Cancelled,0,100,Boeing 777,0,0
AI288,Air France,Istanbul,Toronto,2026-05-02 09:46,2026-05-02,9,134,Delayed,101,442,Boeing 777,35415,534
EA779,EasyJet,Manchester,Tokyo,2026-05-13 02:19,2026-05-13,2,473,Delayed,147,127,Boeing 777,36449,456
KL870,KLM,Frankfurt,Lisbon,2026-05-08 19:15,2026-05-08,19,693,On Time,0,351,Airbus A350,40560,543
EA428,EasyJet,Frankfurt,Singapore,2026-05-01 10:48,2026-05-01,10,717,On Time,0,394,Airbus A380,32989,410
EA620,EasyJet,Dubai,Lisbon,2026-05-09 22:16,2026-05-09,22,85,Delayed,82,344,Airbus A350,37286,531
TU184,Turkish Airlines,London Heathrow,Lisbon,2026-05-11 09:20,2026-05-11,9,257,Cancelled,0,244,Airbus A321,0,0
RY955,Ryanair,London Heathrow,Los Angeles,2026-05-03 10:24,2026-05-03,10,275,On Time,0,423,Airbus A320,31985,575
LU439,Lufthansa,Dubai,Los Angeles,2026-05-03 14:45,2026-05-03,14,762,On Time,0,158,Airbus A380,25778,517
EA333,EasyJet,London Gatwick,New York JFK,2026-05-02 02:41,2026-05-02,2,317,On Time,0,365,Airbus A350,27308,547
EM117,Emirates,Dubai,Singapore,2026-05-07 03:15,2026-05-07,3,474,Cancelled,0,301,Boeing 787,0,0
EA863,EasyJet,London Heathrow,Los Angeles,2026-05-10 02:43,2026-05-10,2,693,Cancelled,0,112,Airbus A350,0,0
EA388,EasyJet,Frankfurt,Dubai,2026-05-02 06:51,2026-05-02,6,356,On Time,0,431,Boeing 737,34874,555
EM864,Emirates,Dubai,Los Angeles,2026-05-11 05:01,2026-05-11,5,545,On Time,0,160,Boeing 777,42480,456
AI666,Air France,Manchester,Lisbon,2026-05-10 03:32,2026-05-10,3,723,Cancelled,0,271,Boeing 737,0,0
RY187,Ryanair,London Gatwick,New York JFK,2026-05-13 21:08,2026-05-13,21,646,On Time,0,385,Airbus A321,37913,537
LU731,Lufthansa,Frankfurt,Madrid,2026-05-08 04:24,2026-05-08,4,584,Delayed,175,152,Boeing 777,30274,447
LU869,Lufthansa,London Gatwick,Rome,2026-05-07 00:01,2026-05-07,0,640,Cancelled,0,107,Airbus A350,0,0
TU302,Turkish Airlines,London Gatwick,Lisbon,2026-05-13 17:44,2026-05-13,17,128,Cancelled,0,208,Boeing 737,0,0
KL391,KLM,Frankfurt,Rome,2026-05-12 08:04,2026-05-12,8,731,Cancelled,0,200,Boeing 737,0,0
LU256,Lufthansa,Frankfurt,Singapore,2026-05-02 20:07,2026-05-02,20,691,Delayed,94,417,Airbus A321,35016,577
KL857,KLM,Frankfurt,Tokyo,2026-05-14 02:52,2026-05-14,2,64,On Time,0,240,Airbus A380,33066,456
AI556,Air France,Frankfurt,Rome,2026-05-11 04:10,2026-05-11,4,399,Cancelled,0,325,Airbus A320,0,0
AI946,Air France,Istanbul,Dubai,2026-05-09 09:55,2026-05-09,9,239,On Time,0,410,Airbus A350,27686,471
LU969,Lufthansa,Paris CDG,Berlin,2026-05-04 10:27,2026-05-04,10,138,Cancelled,0,118,Boeing 737,0,0
BR583,British Airways,Dubai,Toronto,2026-05-12 18:59,2026-05-12,18,97,On Time,0,362,Airbus A321,33539,539
KL506,KLM,Dubai,Madrid,2026-05-04 15:10,2026-05-04,15,197,Delayed,84,317,Boeing 737,41420,530
BR556,British Airways,Amsterdam,Toronto,2026-05-09 12:43,2026-05-09,12,229,Cancelled,0,343,Boeing 777,0,0
RY324,Ryanair,Manchester,Berlin,2026-05-04 20:57,2026-05-04,20,555,Cancelled,0,263,Boeing 737,0,0
LU469,Lufthansa,London Gatwick,Lisbon,2026-05-12 08:19,2026-05-12,8,299,On Time,0,101,Airbus A350,31775,532
TU748,Turkish Airlines,Istanbul,New York JFK,2026-05-10 01:57,2026-05-10,1,724,On Time,0,245,Airbus A321,28382,580
AI769,Air France,Manchester,Tokyo,2026-05-07 11:21,2026-05-07,11,447,Cancelled,0,267,Airbus A321,0,0
AI106,Air France,Dubai,Madrid,2026-05-03 00:30,2026-05-03,0,421,Delayed,113,256,Airbus A321,40953,523
RY291,Ryanair,Istanbul,Rome,2026-05-12 16:04,2026-05-12,16,138,On Time,0,343,Boeing 777,34201,454
KL590,KLM,London Gatwick,Los Angeles,2026-05-04 19:56,2026-05-04,19,484,On Time,0,249,Airbus A380,28713,523
LU264,Lufthansa,Manchester,Los Angeles,2026-05-12 03:36,2026-05-12,3,309,Delayed,15,102,Airbus A321,29190,546
BR677,British Airways,Manchester,New York JFK,2026-05-04 07:34,2026-05-04,7,324,On Time,0,172,Airbus A321,41929,503
AI520,Air France,London Gatwick,Madrid,2026-05-01 16:10,2026-05-01,16,542,Delayed,165,326,Airbus A350,30589,456
RY710,Ryanair,Paris CDG,Rome,2026-05-04 11:56,2026-05-04,11,762,Cancelled,0,255,Airbus A320,0,0
LU616,Lufthansa,Dubai,Tokyo,2026-05-02 19:35,2026-05-02,19,171,On Time,0,88,Airbus A350,31630,533
RY220,Ryanair,London Gatwick,Rome,2026-05-10 19:15,2026-05-10,19,674,Delayed,167,99,Airbus A350,42413,528
TU479,Turkish Airlines,Manchester,Toronto,2026-05-03 08:53,2026-05-03,8,754,Delayed,10,412,Airbus A320,39139,533
EM360,Emirates,Amsterdam,Singapore,2026-05-02 05:43,2026-05-02,5,663,Delayed,99,436,Boeing 777,28201,508
LU861,Lufthansa,London Gatwick,Lisbon,2026-05-12 02:34,2026-05-12,2,478,Delayed,149,211,Airbus A380,31193,401
EA423,EasyJet,London Heathrow,Tokyo,2026-05-01 09:53,2026-05-01,9,270,Cancelled,0,432,Airbus A350,0,0
KL678,KLM,London Gatwick,Rome,2026-05-10 13:17,2026-05-10,13,659,Delayed,176,209,Airbus A320,33562,537
AI668,Air France,Dubai,Madrid,2026-05-09 13:41,2026-05-09,13,630,Delayed,151,327,Airbus A321,30856,494
AI557,Air France,Paris CDG,Toronto,2026-05-12 06:11,2026-05-12,6,467,On Time,0,150,Boeing 777,28902,591
EA751,EasyJet,Amsterdam,Dubai,2026-05-04 22:21,2026-05-04,22,623,Delayed,96,394,Airbus A320,26705,441
EA181,EasyJet,Manchester,Singapore,2026-05-01 08:53,2026-05-01,8,150,Delayed,121,112,Boeing 787,33620,456
EM711,Emirates,Dubai,Toronto,2026-05-02 02:37,2026-05-02,2,593,Cancelled,0,226,Airbus A380,0,0
RY134,Ryanair,Istanbul,Singapore,2026-05-02 13:22,2026-05-02,13,266,On Time,0,416,Boeing 777,41978,473
LU382,Lufthansa,Manchester,Los Angeles,2026-05-12 20:49,2026-05-12,20,428,On Time,0,202,Boeing 737,25009,440
KL391,KLM,Dubai,Tokyo,2026-05-10 08:08,2026-05-10,8,590,Delayed,61,87,Airbus A321,27248,423
KL104,KLM,Frankfurt,Lisbon,2026-05-13 23:21,2026-05-13,23,680,On Time,0,179,Airbus A321,39901,503
RY219,Ryanair,Dubai,Dubai,2026-05-07 04:35,2026-05-07,4,632,On Time,0,117,Boeing 787,41487,475
AI894,Air France,Paris CDG,Berlin,2026-05-12 22:19,2026-05-12,22,636,Delayed,106,327,Boeing 787,32971,593
TU325,Turkish Airlines,London Heathrow,Singapore,2026-05-11 16:35,2026-05-11,16,324,On Time,0,114,Airbus A350,37539,562
KL195,KLM,Dubai,Athens,2026-05-06 11:34,2026-05-06,11,69,Delayed,147,438,Boeing 787,33629,463
KL375,KLM,London Gatwick,Dubai,2026-05-10 07:52,2026-05-10,7,547,On Time,0,240,Airbus A321,36584,455
LU307,Lufthansa,Istanbul,Berlin,2026-05-05 09:49,2026-05-05,9,300,On Time,0,203,Boeing 777,33696,452
KL882,KLM,Manchester,Barcelona,2026-05-06 22:22,2026-05-06,22,140,On Time,0,426,Boeing 737,41143,557
BR882,British Airways,Istanbul,Athens,2026-05-13 13:43,2026-05-13,13,564,Delayed,90,374,Boeing 777,34002,525
AI133,Air France,Dubai,Madrid,2026-05-12 21:08,2026-05-12,21,115,Delayed,42,349,Airbus A321,38866,522
KL805,KLM,Dubai,Los Angeles,2026-05-12 16:25,2026-05-12,16,528,On Time,0,141,Boeing 787,41980,517
